[
  {
    "fields": {
      "model": "logentry",
      "name": "log entry",
      "app_label": "admin"
    },
    "model": "contenttypes.contenttype",
    "pk": 1
  },
  {
    "fields": {
      "model": "permission",
      "name": "permission",
      "app_label": "auth"
    },
    "model": "contenttypes.contenttype",
    "pk": 2
  },
  {
    "fields": {
      "model": "group",
      "name": "group",
      "app_label": "auth"
    },
    "model": "contenttypes.contenttype",
    "pk": 3
  },
  {
    "fields": {
      "model": "user",
      "name": "user",
      "app_label": "auth"
    },
    "model": "contenttypes.contenttype",
    "pk": 4
  },
  {
    "fields": {
      "model": "contenttype",
      "name": "content type",
      "app_label": "contenttypes"
    },
    "model": "contenttypes.contenttype",
    "pk": 5
  },
  {
    "fields": {
      "model": "session",
      "name": "session",
      "app_label": "sessions"
    },
    "model": "contenttypes.contenttype",
    "pk": 6
  },
  {
    "fields": {
      "model": "league",
      "name": "league",
      "app_label": "bowling_entry"
    },
    "model": "contenttypes.contenttype",
    "pk": 7
  },
  {
    "fields": {
      "model": "week",
      "name": "week",
      "app_label": "bowling_entry"
    },
    "model": "contenttypes.contenttype",
    "pk": 8
  },
  {
    "fields": {
      "model": "teamdefinition",
      "name": "team definition",
      "app_label": "bowling_entry"
    },
    "model": "contenttypes.contenttype",
    "pk": 9
  },
  {
    "fields": {
      "model": "bowlerdefinition",
      "name": "bowler definition",
      "app_label": "bowling_entry"
    },
    "model": "contenttypes.contenttype",
    "pk": 10
  },
  {
    "fields": {
      "model": "teaminstance",
      "name": "team instance",
      "app_label": "bowling_entry"
    },
    "model": "contenttypes.contenttype",
    "pk": 11
  },
  {
    "fields": {
      "model": "teaminstancebowler",
      "name": "team instance bowler",
      "app_label": "bowling_entry"
    },
    "model": "contenttypes.contenttype",
    "pk": 12
  },
  {
    "fields": {
      "model": "match",
      "name": "match",
      "app_label": "bowling_entry"
    },
    "model": "contenttypes.contenttype",
    "pk": 13
  },
  {
    "fields": {
      "model": "game",
      "name": "game",
      "app_label": "bowling_entry"
    },
    "model": "contenttypes.contenttype",
    "pk": 14
  },
  {
    "fields": {
      "model": "frame",
      "name": "frame",
      "app_label": "bowling_entry"
    },
    "model": "contenttypes.contenttype",
    "pk": 15
  },
  {
    "fields": {
      "model": "corsmodel",
      "name": "cors model",
      "app_label": "corsheaders"
    },
    "model": "contenttypes.contenttype",
    "pk": 16
  },
  {
    "fields": {
      "expire_date": "2015-03-12T03:25:56.744Z",
      "session_data": "NGJlZWYxMGZhZjY4YTM3NDkyN2M4ZWVlNThiYTIxODQ3ODNiOWYxZDp7Il9hdXRoX3VzZXJfaGFzaCI6Ijk1NTVkMmFkZWEwY2JhNjI1YmFlNTM1ZWRjZjAzZDRlMTYxYzNjMDAiLCJfYXV0aF91c2VyX2JhY2tlbmQiOiJkamFuZ28uY29udHJpYi5hdXRoLmJhY2tlbmRzLk1vZGVsQmFja2VuZCIsIl9hdXRoX3VzZXJfaWQiOjF9"
    },
    "model": "sessions.session",
    "pk": "hxo6dslth6atogod50gv7v3tn6t7hj3q"
  },
  {
    "fields": {
      "expire_date": "2015-04-03T16:43:30.483Z",
      "session_data": "NGJlZWYxMGZhZjY4YTM3NDkyN2M4ZWVlNThiYTIxODQ3ODNiOWYxZDp7Il9hdXRoX3VzZXJfaGFzaCI6Ijk1NTVkMmFkZWEwY2JhNjI1YmFlNTM1ZWRjZjAzZDRlMTYxYzNjMDAiLCJfYXV0aF91c2VyX2JhY2tlbmQiOiJkamFuZ28uY29udHJpYi5hdXRoLmJhY2tlbmRzLk1vZGVsQmFja2VuZCIsIl9hdXRoX3VzZXJfaWQiOjF9"
    },
    "model": "sessions.session",
    "pk": "uh8dcocq8u8era76vzgnlkberhh6l4wm"
  },
  {
    "fields": {
      "date": "2014-11-04",
      "league": 3,
      "week_number": 1
    },
    "model": "bowling_entry.week",
    "pk": 56
  },
  {
    "fields": {
      "date": "2014-11-18",
      "league": 3,
      "week_number": 3
    },
    "model": "bowling_entry.week",
    "pk": 57
  },
  {
    "fields": {
      "date": "2014-11-25",
      "league": 3,
      "week_number": 4
    },
    "model": "bowling_entry.week",
    "pk": 58
  },
  {
    "fields": {
      "date": "2014-12-16",
      "league": 3,
      "week_number": 7
    },
    "model": "bowling_entry.week",
    "pk": 59
  },
  {
    "fields": {
      "date": "2014-12-23",
      "league": 3,
      "week_number": 8
    },
    "model": "bowling_entry.week",
    "pk": 60
  },
  {
    "fields": {
      "date": "2014-12-30",
      "league": 3,
      "week_number": 9
    },
    "model": "bowling_entry.week",
    "pk": 61
  },
  {
    "fields": {
      "date": "2014-12-02",
      "league": 3,
      "week_number": 5
    },
    "model": "bowling_entry.week",
    "pk": 62
  },
  {
    "fields": {
      "date": "2015-01-13",
      "league": 3,
      "week_number": 11
    },
    "model": "bowling_entry.week",
    "pk": 63
  },
  {
    "fields": {
      "date": "2015-01-06",
      "league": 3,
      "week_number": 10
    },
    "model": "bowling_entry.week",
    "pk": 64
  },
  {
    "fields": {
      "date": "2015-01-20",
      "league": 3,
      "week_number": 12
    },
    "model": "bowling_entry.week",
    "pk": 65
  },
  {
    "fields": {
      "date": "2015-02-10",
      "league": 3,
      "week_number": 15
    },
    "model": "bowling_entry.week",
    "pk": 66
  },
  {
    "fields": {
      "date": "2015-02-17",
      "league": 3,
      "week_number": 16
    },
    "model": "bowling_entry.week",
    "pk": 67
  },
  {
    "fields": {
      "date": "2014-11-11",
      "league": 3,
      "week_number": 2
    },
    "model": "bowling_entry.week",
    "pk": 68
  },
  {
    "fields": {
      "date": "2015-02-24",
      "league": 3,
      "week_number": 17
    },
    "model": "bowling_entry.week",
    "pk": 69
  },
  {
    "fields": {
      "date": "2015-02-03",
      "league": 3,
      "week_number": 14
    },
    "model": "bowling_entry.week",
    "pk": 70
  },
  {
    "fields": {
      "date": "2015-01-27",
      "league": 3,
      "week_number": 13
    },
    "model": "bowling_entry.week",
    "pk": 71
  },
  {
    "fields": {
      "date": "2015-03-03",
      "league": 3,
      "week_number": 18
    },
    "model": "bowling_entry.week",
    "pk": 72
  },
  {
    "fields": {
      "date": "2014-12-09",
      "league": 3,
      "week_number": 6
    },
    "model": "bowling_entry.week",
    "pk": 73
  },
  {
    "fields": {
      "date": "2015-03-19",
      "league": 10,
      "week_number": 1
    },
    "model": "bowling_entry.week",
    "pk": 132
  },
  {
    "fields": {
      "date": "2015-03-26",
      "league": 10,
      "week_number": 2
    },
    "model": "bowling_entry.week",
    "pk": 133
  },
  {
    "fields": {
      "date": "2015-04-02",
      "league": 10,
      "week_number": 3
    },
    "model": "bowling_entry.week",
    "pk": 134
  },
  {
    "fields": {
      "date": "2015-04-09",
      "league": 10,
      "week_number": 4
    },
    "model": "bowling_entry.week",
    "pk": 135
  },
  {
    "fields": {
      "date": "2015-04-16",
      "league": 10,
      "week_number": 5
    },
    "model": "bowling_entry.week",
    "pk": 136
  },
  {
    "fields": {
      "date": "2015-04-23",
      "league": 10,
      "week_number": 6
    },
    "model": "bowling_entry.week",
    "pk": 137
  },
  {
    "fields": {
      "date": "2015-04-30",
      "league": 10,
      "week_number": 7
    },
    "model": "bowling_entry.week",
    "pk": 138
  },
  {
    "fields": {
      "date": "2015-05-07",
      "league": 10,
      "week_number": 8
    },
    "model": "bowling_entry.week",
    "pk": 139
  },
  {
    "fields": {
      "date": "2015-05-14",
      "league": 10,
      "week_number": 9
    },
    "model": "bowling_entry.week",
    "pk": 140
  },
  {
    "fields": {
      "date": "2015-05-21",
      "league": 10,
      "week_number": 10
    },
    "model": "bowling_entry.week",
    "pk": 141
  },
  {
    "fields": {
      "league": 3,
      "name": "Pinty Droppers"
    },
    "model": "bowling_entry.teamdefinition",
    "pk": 4
  },
  {
    "fields": {
      "league": 3,
      "name": "The Pin is Mightier Than The Ball"
    },
    "model": "bowling_entry.teamdefinition",
    "pk": 5
  },
  {
    "fields": {
      "league": 3,
      "name": "EBOWLA"
    },
    "model": "bowling_entry.teamdefinition",
    "pk": 6
  },
  {
    "fields": {
      "league": 3,
      "name": "T-Rex Arms"
    },
    "model": "bowling_entry.teamdefinition",
    "pk": 7
  },
  {
    "fields": {
      "league": 3,
      "name": "\"Pinnin Ain't Easy!'"
    },
    "model": "bowling_entry.teamdefinition",
    "pk": 8
  },
  {
    "fields": {
      "league": 3,
      "name": "Too Legit to Split"
    },
    "model": "bowling_entry.teamdefinition",
    "pk": 9
  },
  {
    "fields": {
      "league": 3,
      "name": "Bowling Stones"
    },
    "model": "bowling_entry.teamdefinition",
    "pk": 10
  },
  {
    "fields": {
      "league": 3,
      "name": "Glory Bowl"
    },
    "model": "bowling_entry.teamdefinition",
    "pk": 11
  },
  {
    "fields": {
      "league": 3,
      "name": "Work Hard Pin Hard"
    },
    "model": "bowling_entry.teamdefinition",
    "pk": 12
  },
  {
    "fields": {
      "league": 3,
      "name": "The Bowlinators"
    },
    "model": "bowling_entry.teamdefinition",
    "pk": 13
  },
  {
    "fields": {
      "league": 3,
      "name": "Sticks & Bushes"
    },
    "model": "bowling_entry.teamdefinition",
    "pk": 14
  },
  {
    "fields": {
      "league": 3,
      "name": "The Bowl Collectors"
    },
    "model": "bowling_entry.teamdefinition",
    "pk": 15
  },
  {
    "fields": {
      "league": 10,
      "name": "Here is a Team"
    },
    "model": "bowling_entry.teamdefinition",
    "pk": 18
  },
  {
    "fields": {
      "league": 10,
      "name": "Test Team"
    },
    "model": "bowling_entry.teamdefinition",
    "pk": 19
  },
  {
    "fields": {
      "gender": "U",
      "average": null,
      "team": 4,
      "name": "Jay",
      "league": 3
    },
    "model": "bowling_entry.bowlerdefinition",
    "pk": 12
  },
  {
    "fields": {
      "gender": "U",
      "average": null,
      "team": 4,
      "name": "Lindsay",
      "league": 3
    },
    "model": "bowling_entry.bowlerdefinition",
    "pk": 13
  },
  {
    "fields": {
      "gender": "U",
      "average": null,
      "team": 4,
      "name": "Todd",
      "league": 3
    },
    "model": "bowling_entry.bowlerdefinition",
    "pk": 14
  },
  {
    "fields": {
      "gender": "U",
      "average": null,
      "team": 4,
      "name": "Nichie",
      "league": 3
    },
    "model": "bowling_entry.bowlerdefinition",
    "pk": 15
  },
  {
    "fields": {
      "gender": "U",
      "average": null,
      "team": 4,
      "name": "Michelle",
      "league": 3
    },
    "model": "bowling_entry.bowlerdefinition",
    "pk": 16
  },
  {
    "fields": {
      "gender": "U",
      "average": null,
      "team": 4,
      "name": "Will",
      "league": 3
    },
    "model": "bowling_entry.bowlerdefinition",
    "pk": 17
  },
  {
    "fields": {
      "gender": "U",
      "average": null,
      "team": 4,
      "name": "Michael",
      "league": 3
    },
    "model": "bowling_entry.bowlerdefinition",
    "pk": 18
  },
  {
    "fields": {
      "gender": "U",
      "average": null,
      "team": 4,
      "name": "Thomas",
      "league": 3
    },
    "model": "bowling_entry.bowlerdefinition",
    "pk": 19
  },
  {
    "fields": {
      "gender": "U",
      "average": null,
      "team": 5,
      "name": "Michael",
      "league": 3
    },
    "model": "bowling_entry.bowlerdefinition",
    "pk": 20
  },
  {
    "fields": {
      "gender": "U",
      "average": null,
      "team": 5,
      "name": "Laura",
      "league": 3
    },
    "model": "bowling_entry.bowlerdefinition",
    "pk": 21
  },
  {
    "fields": {
      "gender": "U",
      "average": null,
      "team": 5,
      "name": "Bill",
      "league": 3
    },
    "model": "bowling_entry.bowlerdefinition",
    "pk": 22
  },
  {
    "fields": {
      "gender": "U",
      "average": null,
      "team": 5,
      "name": "Janie",
      "league": 3
    },
    "model": "bowling_entry.bowlerdefinition",
    "pk": 23
  },
  {
    "fields": {
      "gender": "U",
      "average": null,
      "team": 5,
      "name": "Ram",
      "league": 3
    },
    "model": "bowling_entry.bowlerdefinition",
    "pk": 24
  },
  {
    "fields": {
      "gender": "U",
      "average": null,
      "team": 5,
      "name": "Dave",
      "league": 3
    },
    "model": "bowling_entry.bowlerdefinition",
    "pk": 25
  },
  {
    "fields": {
      "gender": "U",
      "average": null,
      "team": 5,
      "name": "Nori",
      "league": 3
    },
    "model": "bowling_entry.bowlerdefinition",
    "pk": 26
  },
  {
    "fields": {
      "gender": "U",
      "average": null,
      "team": 6,
      "name": "Gordon",
      "league": 3
    },
    "model": "bowling_entry.bowlerdefinition",
    "pk": 27
  },
  {
    "fields": {
      "gender": "U",
      "average": null,
      "team": 6,
      "name": "James",
      "league": 3
    },
    "model": "bowling_entry.bowlerdefinition",
    "pk": 28
  },
  {
    "fields": {
      "gender": "U",
      "average": null,
      "team": 6,
      "name": "Justin",
      "league": 3
    },
    "model": "bowling_entry.bowlerdefinition",
    "pk": 29
  },
  {
    "fields": {
      "gender": "U",
      "average": null,
      "team": 6,
      "name": "Daniel",
      "league": 3
    },
    "model": "bowling_entry.bowlerdefinition",
    "pk": 30
  },
  {
    "fields": {
      "gender": "U",
      "average": null,
      "team": 6,
      "name": "Tannis",
      "league": 3
    },
    "model": "bowling_entry.bowlerdefinition",
    "pk": 31
  },
  {
    "fields": {
      "gender": "U",
      "average": null,
      "team": 6,
      "name": "Eddie",
      "league": 3
    },
    "model": "bowling_entry.bowlerdefinition",
    "pk": 32
  },
  {
    "fields": {
      "gender": "U",
      "average": null,
      "team": 6,
      "name": "Theresa",
      "league": 3
    },
    "model": "bowling_entry.bowlerdefinition",
    "pk": 33
  },
  {
    "fields": {
      "gender": "U",
      "average": null,
      "team": 6,
      "name": "Conner",
      "league": 3
    },
    "model": "bowling_entry.bowlerdefinition",
    "pk": 34
  },
  {
    "fields": {
      "gender": "U",
      "average": null,
      "team": 7,
      "name": "Robert",
      "league": 3
    },
    "model": "bowling_entry.bowlerdefinition",
    "pk": 35
  },
  {
    "fields": {
      "gender": "U",
      "average": null,
      "team": 7,
      "name": "Erin",
      "league": 3
    },
    "model": "bowling_entry.bowlerdefinition",
    "pk": 36
  },
  {
    "fields": {
      "gender": "U",
      "average": null,
      "team": 7,
      "name": "Steve",
      "league": 3
    },
    "model": "bowling_entry.bowlerdefinition",
    "pk": 37
  },
  {
    "fields": {
      "gender": "U",
      "average": null,
      "team": 7,
      "name": "Polly",
      "league": 3
    },
    "model": "bowling_entry.bowlerdefinition",
    "pk": 38
  },
  {
    "fields": {
      "gender": "U",
      "average": null,
      "team": 7,
      "name": "Dean",
      "league": 3
    },
    "model": "bowling_entry.bowlerdefinition",
    "pk": 39
  },
  {
    "fields": {
      "gender": "U",
      "average": null,
      "team": 7,
      "name": "Heather",
      "league": 3
    },
    "model": "bowling_entry.bowlerdefinition",
    "pk": 40
  },
  {
    "fields": {
      "gender": "U",
      "average": null,
      "team": 7,
      "name": "Ken",
      "league": 3
    },
    "model": "bowling_entry.bowlerdefinition",
    "pk": 41
  },
  {
    "fields": {
      "gender": "U",
      "average": null,
      "team": 8,
      "name": "Roger",
      "league": 3
    },
    "model": "bowling_entry.bowlerdefinition",
    "pk": 42
  },
  {
    "fields": {
      "gender": "U",
      "average": null,
      "team": 8,
      "name": "Hope",
      "league": 3
    },
    "model": "bowling_entry.bowlerdefinition",
    "pk": 43
  },
  {
    "fields": {
      "gender": "U",
      "average": null,
      "team": 8,
      "name": "Lauren",
      "league": 3
    },
    "model": "bowling_entry.bowlerdefinition",
    "pk": 44
  },
  {
    "fields": {
      "gender": "U",
      "average": null,
      "team": 8,
      "name": "Jaired",
      "league": 3
    },
    "model": "bowling_entry.bowlerdefinition",
    "pk": 45
  },
  {
    "fields": {
      "gender": "U",
      "average": null,
      "team": 8,
      "name": "Dre",
      "league": 3
    },
    "model": "bowling_entry.bowlerdefinition",
    "pk": 46
  },
  {
    "fields": {
      "gender": "U",
      "average": null,
      "team": 8,
      "name": "Kayla",
      "league": 3
    },
    "model": "bowling_entry.bowlerdefinition",
    "pk": 47
  },
  {
    "fields": {
      "gender": "U",
      "average": null,
      "team": 8,
      "name": "Kelly",
      "league": 3
    },
    "model": "bowling_entry.bowlerdefinition",
    "pk": 48
  },
  {
    "fields": {
      "gender": "U",
      "average": null,
      "team": 8,
      "name": "Jennifer",
      "league": 3
    },
    "model": "bowling_entry.bowlerdefinition",
    "pk": 49
  },
  {
    "fields": {
      "gender": "U",
      "average": null,
      "team": 9,
      "name": "Alex",
      "league": 3
    },
    "model": "bowling_entry.bowlerdefinition",
    "pk": 50
  },
  {
    "fields": {
      "gender": "U",
      "average": null,
      "team": 9,
      "name": "Bill",
      "league": 3
    },
    "model": "bowling_entry.bowlerdefinition",
    "pk": 51
  },
  {
    "fields": {
      "gender": "U",
      "average": null,
      "team": 9,
      "name": "Sam",
      "league": 3
    },
    "model": "bowling_entry.bowlerdefinition",
    "pk": 52
  },
  {
    "fields": {
      "gender": "U",
      "average": null,
      "team": 9,
      "name": "Stefanos",
      "league": 3
    },
    "model": "bowling_entry.bowlerdefinition",
    "pk": 53
  },
  {
    "fields": {
      "gender": "U",
      "average": null,
      "team": 9,
      "name": "Christine",
      "league": 3
    },
    "model": "bowling_entry.bowlerdefinition",
    "pk": 54
  },
  {
    "fields": {
      "gender": "U",
      "average": null,
      "team": 9,
      "name": "Chris",
      "league": 3
    },
    "model": "bowling_entry.bowlerdefinition",
    "pk": 55
  },
  {
    "fields": {
      "gender": "U",
      "average": null,
      "team": 9,
      "name": "Keith",
      "league": 3
    },
    "model": "bowling_entry.bowlerdefinition",
    "pk": 56
  },
  {
    "fields": {
      "gender": "U",
      "average": null,
      "team": 9,
      "name": "Crystal",
      "league": 3
    },
    "model": "bowling_entry.bowlerdefinition",
    "pk": 57
  },
  {
    "fields": {
      "gender": "U",
      "average": null,
      "team": 10,
      "name": "Stephen",
      "league": 3
    },
    "model": "bowling_entry.bowlerdefinition",
    "pk": 58
  },
  {
    "fields": {
      "gender": "U",
      "average": null,
      "team": 10,
      "name": "Jose",
      "league": 3
    },
    "model": "bowling_entry.bowlerdefinition",
    "pk": 59
  },
  {
    "fields": {
      "gender": "U",
      "average": null,
      "team": 10,
      "name": "Jonathan",
      "league": 3
    },
    "model": "bowling_entry.bowlerdefinition",
    "pk": 60
  },
  {
    "fields": {
      "gender": "U",
      "average": null,
      "team": 10,
      "name": "Chris",
      "league": 3
    },
    "model": "bowling_entry.bowlerdefinition",
    "pk": 61
  },
  {
    "fields": {
      "gender": "U",
      "average": null,
      "team": 10,
      "name": "Cheryl",
      "league": 3
    },
    "model": "bowling_entry.bowlerdefinition",
    "pk": 62
  },
  {
    "fields": {
      "gender": "U",
      "average": null,
      "team": 11,
      "name": "Jon",
      "league": 3
    },
    "model": "bowling_entry.bowlerdefinition",
    "pk": 63
  },
  {
    "fields": {
      "gender": "U",
      "average": null,
      "team": 11,
      "name": "Chris",
      "league": 3
    },
    "model": "bowling_entry.bowlerdefinition",
    "pk": 64
  },
  {
    "fields": {
      "gender": "U",
      "average": null,
      "team": 11,
      "name": "Billie Jean",
      "league": 3
    },
    "model": "bowling_entry.bowlerdefinition",
    "pk": 65
  },
  {
    "fields": {
      "gender": "U",
      "average": null,
      "team": 11,
      "name": "Krystal",
      "league": 3
    },
    "model": "bowling_entry.bowlerdefinition",
    "pk": 66
  },
  {
    "fields": {
      "gender": "U",
      "average": null,
      "team": 11,
      "name": "DJ",
      "league": 3
    },
    "model": "bowling_entry.bowlerdefinition",
    "pk": 67
  },
  {
    "fields": {
      "gender": "U",
      "average": null,
      "team": 11,
      "name": "Frank",
      "league": 3
    },
    "model": "bowling_entry.bowlerdefinition",
    "pk": 68
  },
  {
    "fields": {
      "gender": "U",
      "average": null,
      "team": 11,
      "name": "Kristen",
      "league": 3
    },
    "model": "bowling_entry.bowlerdefinition",
    "pk": 69
  },
  {
    "fields": {
      "gender": "U",
      "average": null,
      "team": 12,
      "name": "Bridget",
      "league": 3
    },
    "model": "bowling_entry.bowlerdefinition",
    "pk": 70
  },
  {
    "fields": {
      "gender": "U",
      "average": null,
      "team": 12,
      "name": "Kaleb",
      "league": 3
    },
    "model": "bowling_entry.bowlerdefinition",
    "pk": 71
  },
  {
    "fields": {
      "gender": "U",
      "average": null,
      "team": 12,
      "name": "Spring",
      "league": 3
    },
    "model": "bowling_entry.bowlerdefinition",
    "pk": 72
  },
  {
    "fields": {
      "gender": "U",
      "average": null,
      "team": 12,
      "name": "Angela",
      "league": 3
    },
    "model": "bowling_entry.bowlerdefinition",
    "pk": 73
  },
  {
    "fields": {
      "gender": "U",
      "average": null,
      "team": 12,
      "name": "Patricia",
      "league": 3
    },
    "model": "bowling_entry.bowlerdefinition",
    "pk": 74
  },
  {
    "fields": {
      "gender": "U",
      "average": null,
      "team": 12,
      "name": "Shawn",
      "league": 3
    },
    "model": "bowling_entry.bowlerdefinition",
    "pk": 75
  },
  {
    "fields": {
      "gender": "U",
      "average": null,
      "team": 12,
      "name": "Krista",
      "league": 3
    },
    "model": "bowling_entry.bowlerdefinition",
    "pk": 76
  },
  {
    "fields": {
      "gender": "U",
      "average": null,
      "team": 12,
      "name": "Matt",
      "league": 3
    },
    "model": "bowling_entry.bowlerdefinition",
    "pk": 77
  },
  {
    "fields": {
      "gender": "U",
      "average": null,
      "team": 13,
      "name": "Brad",
      "league": 3
    },
    "model": "bowling_entry.bowlerdefinition",
    "pk": 78
  },
  {
    "fields": {
      "gender": "U",
      "average": null,
      "team": 13,
      "name": "Doreen",
      "league": 3
    },
    "model": "bowling_entry.bowlerdefinition",
    "pk": 79
  },
  {
    "fields": {
      "gender": "U",
      "average": null,
      "team": 13,
      "name": "Tom B.",
      "league": 3
    },
    "model": "bowling_entry.bowlerdefinition",
    "pk": 80
  },
  {
    "fields": {
      "gender": "U",
      "average": null,
      "team": 13,
      "name": "Sandy",
      "league": 3
    },
    "model": "bowling_entry.bowlerdefinition",
    "pk": 81
  },
  {
    "fields": {
      "gender": "U",
      "average": null,
      "team": 13,
      "name": "Tom D.",
      "league": 3
    },
    "model": "bowling_entry.bowlerdefinition",
    "pk": 82
  },
  {
    "fields": {
      "gender": "U",
      "average": null,
      "team": 13,
      "name": "Chris",
      "league": 3
    },
    "model": "bowling_entry.bowlerdefinition",
    "pk": 83
  },
  {
    "fields": {
      "gender": "U",
      "average": null,
      "team": 14,
      "name": "Dennis",
      "league": 3
    },
    "model": "bowling_entry.bowlerdefinition",
    "pk": 84
  },
  {
    "fields": {
      "gender": "U",
      "average": null,
      "team": 14,
      "name": "Joe",
      "league": 3
    },
    "model": "bowling_entry.bowlerdefinition",
    "pk": 85
  },
  {
    "fields": {
      "gender": "U",
      "average": null,
      "team": 14,
      "name": "Nichoel",
      "league": 3
    },
    "model": "bowling_entry.bowlerdefinition",
    "pk": 86
  },
  {
    "fields": {
      "gender": "U",
      "average": null,
      "team": 14,
      "name": "Dominic",
      "league": 3
    },
    "model": "bowling_entry.bowlerdefinition",
    "pk": 87
  },
  {
    "fields": {
      "gender": "U",
      "average": null,
      "team": 14,
      "name": "Erin",
      "league": 3
    },
    "model": "bowling_entry.bowlerdefinition",
    "pk": 88
  },
  {
    "fields": {
      "gender": "U",
      "average": null,
      "team": 14,
      "name": "Ryan",
      "league": 3
    },
    "model": "bowling_entry.bowlerdefinition",
    "pk": 89
  },
  {
    "fields": {
      "gender": "U",
      "average": null,
      "team": 15,
      "name": "Diamond",
      "league": 3
    },
    "model": "bowling_entry.bowlerdefinition",
    "pk": 90
  },
  {
    "fields": {
      "gender": "U",
      "average": null,
      "team": 15,
      "name": "Tyler",
      "league": 3
    },
    "model": "bowling_entry.bowlerdefinition",
    "pk": 91
  },
  {
    "fields": {
      "gender": "U",
      "average": null,
      "team": 15,
      "name": "Darrell",
      "league": 3
    },
    "model": "bowling_entry.bowlerdefinition",
    "pk": 92
  },
  {
    "fields": {
      "gender": "U",
      "average": null,
      "team": 15,
      "name": "Katerina",
      "league": 3
    },
    "model": "bowling_entry.bowlerdefinition",
    "pk": 93
  },
  {
    "fields": {
      "gender": "U",
      "average": null,
      "team": 15,
      "name": "Jeremiah",
      "league": 3
    },
    "model": "bowling_entry.bowlerdefinition",
    "pk": 94
  },
  {
    "fields": {
      "gender": "U",
      "average": null,
      "team": 15,
      "name": "Tara",
      "league": 3
    },
    "model": "bowling_entry.bowlerdefinition",
    "pk": 95
  },
  {
    "fields": {
      "gender": "U",
      "average": null,
      "team": 15,
      "name": "Nick",
      "league": 3
    },
    "model": "bowling_entry.bowlerdefinition",
    "pk": 96
  },
  {
    "fields": {
      "gender": "U",
      "average": null,
      "team": 15,
      "name": "Sam",
      "league": 3
    },
    "model": "bowling_entry.bowlerdefinition",
    "pk": 97
  },
  {
    "fields": {
      "gender": "U",
      "average": null,
      "team": null,
      "name": "Tori",
      "league": 3
    },
    "model": "bowling_entry.bowlerdefinition",
    "pk": 101
  },
  {
    "fields": {
      "gender": "U",
      "average": null,
      "team": null,
      "name": "Robert",
      "league": 10
    },
    "model": "bowling_entry.bowlerdefinition",
    "pk": 102
  },
  {
    "fields": {
      "gender": "U",
      "average": null,
      "team": null,
      "name": "John",
      "league": 10
    },
    "model": "bowling_entry.bowlerdefinition",
    "pk": 103
  },
  {
    "fields": {
      "gender": "U",
      "average": null,
      "team": 18,
      "name": "Erin",
      "league": 10
    },
    "model": "bowling_entry.bowlerdefinition",
    "pk": 104
  },
  {
    "fields": {
      "gender": "U",
      "average": null,
      "team": 18,
      "name": "Tom",
      "league": 10
    },
    "model": "bowling_entry.bowlerdefinition",
    "pk": 105
  },
  {
    "fields": {
      "gender": "U",
      "average": null,
      "team": 18,
      "name": "Nashville",
      "league": 10
    },
    "model": "bowling_entry.bowlerdefinition",
    "pk": 106
  },
  {
    "fields": {
      "definition": 4,
      "match": 3
    },
    "model": "bowling_entry.teaminstance",
    "pk": 5
  },
  {
    "fields": {
      "definition": 5,
      "match": 3
    },
    "model": "bowling_entry.teaminstance",
    "pk": 6
  },
  {
    "fields": {
      "definition": 6,
      "match": 4
    },
    "model": "bowling_entry.teaminstance",
    "pk": 7
  },
  {
    "fields": {
      "definition": 7,
      "match": 4
    },
    "model": "bowling_entry.teaminstance",
    "pk": 8
  },
  {
    "fields": {
      "definition": 8,
      "match": 5
    },
    "model": "bowling_entry.teaminstance",
    "pk": 9
  },
  {
    "fields": {
      "definition": 9,
      "match": 5
    },
    "model": "bowling_entry.teaminstance",
    "pk": 10
  },
  {
    "fields": {
      "definition": 10,
      "match": 6
    },
    "model": "bowling_entry.teaminstance",
    "pk": 11
  },
  {
    "fields": {
      "definition": 11,
      "match": 6
    },
    "model": "bowling_entry.teaminstance",
    "pk": 12
  },
  {
    "fields": {
      "definition": 12,
      "handicap": null,
      "average": null,
      "team": 5,
      "type": "regular",
      "order": 0
    },
    "model": "bowling_entry.teaminstancebowler",
    "pk": 11
  },
  {
    "fields": {
      "definition": 13,
      "handicap": null,
      "average": null,
      "team": 5,
      "type": "regular",
      "order": 1
    },
    "model": "bowling_entry.teaminstancebowler",
    "pk": 12
  },
  {
    "fields": {
      "definition": 14,
      "handicap": null,
      "average": null,
      "team": 5,
      "type": "regular",
      "order": 2
    },
    "model": "bowling_entry.teaminstancebowler",
    "pk": 13
  },
  {
    "fields": {
      "definition": 15,
      "handicap": null,
      "average": null,
      "team": 5,
      "type": "regular",
      "order": 3
    },
    "model": "bowling_entry.teaminstancebowler",
    "pk": 14
  },
  {
    "fields": {
      "definition": 101,
      "handicap": null,
      "average": null,
      "team": 5,
      "type": "substitute",
      "order": 4
    },
    "model": "bowling_entry.teaminstancebowler",
    "pk": 15
  },
  {
    "fields": {
      "definition": 20,
      "handicap": null,
      "average": null,
      "team": 6,
      "type": "regular",
      "order": 0
    },
    "model": "bowling_entry.teaminstancebowler",
    "pk": 16
  },
  {
    "fields": {
      "definition": 21,
      "handicap": null,
      "average": null,
      "team": 6,
      "type": "regular",
      "order": 1
    },
    "model": "bowling_entry.teaminstancebowler",
    "pk": 17
  },
  {
    "fields": {
      "definition": 22,
      "handicap": null,
      "average": null,
      "team": 6,
      "type": "regular",
      "order": 2
    },
    "model": "bowling_entry.teaminstancebowler",
    "pk": 18
  },
  {
    "fields": {
      "definition": 23,
      "handicap": null,
      "average": null,
      "team": 6,
      "type": "regular",
      "order": 3
    },
    "model": "bowling_entry.teaminstancebowler",
    "pk": 19
  },
  {
    "fields": {
      "definition": 24,
      "handicap": null,
      "average": null,
      "team": 6,
      "type": "regular",
      "order": 4
    },
    "model": "bowling_entry.teaminstancebowler",
    "pk": 20
  },
  {
    "fields": {
      "definition": 27,
      "handicap": null,
      "average": null,
      "team": 7,
      "type": "regular",
      "order": 0
    },
    "model": "bowling_entry.teaminstancebowler",
    "pk": 21
  },
  {
    "fields": {
      "definition": 28,
      "handicap": null,
      "average": null,
      "team": 7,
      "type": "regular",
      "order": 1
    },
    "model": "bowling_entry.teaminstancebowler",
    "pk": 22
  },
  {
    "fields": {
      "definition": 29,
      "handicap": null,
      "average": null,
      "team": 7,
      "type": "regular",
      "order": 2
    },
    "model": "bowling_entry.teaminstancebowler",
    "pk": 23
  },
  {
    "fields": {
      "definition": 30,
      "handicap": null,
      "average": null,
      "team": 7,
      "type": "regular",
      "order": 3
    },
    "model": "bowling_entry.teaminstancebowler",
    "pk": 24
  },
  {
    "fields": {
      "definition": 31,
      "handicap": null,
      "average": null,
      "team": 7,
      "type": "regular",
      "order": 4
    },
    "model": "bowling_entry.teaminstancebowler",
    "pk": 25
  },
  {
    "fields": {
      "definition": 35,
      "handicap": null,
      "average": null,
      "team": 8,
      "type": "regular",
      "order": 0
    },
    "model": "bowling_entry.teaminstancebowler",
    "pk": 26
  },
  {
    "fields": {
      "definition": 36,
      "handicap": null,
      "average": null,
      "team": 8,
      "type": "regular",
      "order": 1
    },
    "model": "bowling_entry.teaminstancebowler",
    "pk": 27
  },
  {
    "fields": {
      "definition": 37,
      "handicap": null,
      "average": null,
      "team": 8,
      "type": "regular",
      "order": 2
    },
    "model": "bowling_entry.teaminstancebowler",
    "pk": 28
  },
  {
    "fields": {
      "definition": 38,
      "handicap": null,
      "average": null,
      "team": 8,
      "type": "regular",
      "order": 3
    },
    "model": "bowling_entry.teaminstancebowler",
    "pk": 29
  },
  {
    "fields": {
      "definition": 39,
      "handicap": null,
      "average": null,
      "team": 8,
      "type": "regular",
      "order": 4
    },
    "model": "bowling_entry.teaminstancebowler",
    "pk": 30
  },
  {
    "fields": {
      "definition": 42,
      "handicap": null,
      "average": null,
      "team": 9,
      "type": "regular",
      "order": 0
    },
    "model": "bowling_entry.teaminstancebowler",
    "pk": 31
  },
  {
    "fields": {
      "definition": 43,
      "handicap": null,
      "average": null,
      "team": 9,
      "type": "regular",
      "order": 1
    },
    "model": "bowling_entry.teaminstancebowler",
    "pk": 32
  },
  {
    "fields": {
      "definition": 44,
      "handicap": null,
      "average": null,
      "team": 9,
      "type": "regular",
      "order": 2
    },
    "model": "bowling_entry.teaminstancebowler",
    "pk": 33
  },
  {
    "fields": {
      "definition": 45,
      "handicap": null,
      "average": null,
      "team": 9,
      "type": "regular",
      "order": 3
    },
    "model": "bowling_entry.teaminstancebowler",
    "pk": 34
  },
  {
    "fields": {
      "definition": 46,
      "handicap": null,
      "average": null,
      "team": 9,
      "type": "regular",
      "order": 4
    },
    "model": "bowling_entry.teaminstancebowler",
    "pk": 35
  },
  {
    "fields": {
      "definition": 50,
      "handicap": null,
      "average": null,
      "team": 10,
      "type": "regular",
      "order": 0
    },
    "model": "bowling_entry.teaminstancebowler",
    "pk": 36
  },
  {
    "fields": {
      "definition": 51,
      "handicap": null,
      "average": null,
      "team": 10,
      "type": "regular",
      "order": 1
    },
    "model": "bowling_entry.teaminstancebowler",
    "pk": 37
  },
  {
    "fields": {
      "definition": 52,
      "handicap": null,
      "average": null,
      "team": 10,
      "type": "regular",
      "order": 2
    },
    "model": "bowling_entry.teaminstancebowler",
    "pk": 38
  },
  {
    "fields": {
      "definition": 53,
      "handicap": null,
      "average": null,
      "team": 10,
      "type": "regular",
      "order": 3
    },
    "model": "bowling_entry.teaminstancebowler",
    "pk": 39
  },
  {
    "fields": {
      "definition": 54,
      "handicap": null,
      "average": null,
      "team": 10,
      "type": "regular",
      "order": 4
    },
    "model": "bowling_entry.teaminstancebowler",
    "pk": 40
  },
  {
    "fields": {
      "definition": 58,
      "handicap": null,
      "average": null,
      "team": 11,
      "type": "regular",
      "order": 0
    },
    "model": "bowling_entry.teaminstancebowler",
    "pk": 41
  },
  {
    "fields": {
      "definition": 59,
      "handicap": null,
      "average": null,
      "team": 11,
      "type": "regular",
      "order": 1
    },
    "model": "bowling_entry.teaminstancebowler",
    "pk": 42
  },
  {
    "fields": {
      "definition": 60,
      "handicap": null,
      "average": null,
      "team": 11,
      "type": "regular",
      "order": 2
    },
    "model": "bowling_entry.teaminstancebowler",
    "pk": 43
  },
  {
    "fields": {
      "definition": 61,
      "handicap": null,
      "average": null,
      "team": 11,
      "type": "regular",
      "order": 3
    },
    "model": "bowling_entry.teaminstancebowler",
    "pk": 44
  },
  {
    "fields": {
      "definition": 62,
      "handicap": null,
      "average": null,
      "team": 11,
      "type": "regular",
      "order": 4
    },
    "model": "bowling_entry.teaminstancebowler",
    "pk": 45
  },
  {
    "fields": {
      "definition": 63,
      "handicap": null,
      "average": null,
      "team": 12,
      "type": "regular",
      "order": 0
    },
    "model": "bowling_entry.teaminstancebowler",
    "pk": 46
  },
  {
    "fields": {
      "definition": 64,
      "handicap": null,
      "average": null,
      "team": 12,
      "type": "regular",
      "order": 1
    },
    "model": "bowling_entry.teaminstancebowler",
    "pk": 47
  },
  {
    "fields": {
      "definition": 65,
      "handicap": null,
      "average": null,
      "team": 12,
      "type": "regular",
      "order": 2
    },
    "model": "bowling_entry.teaminstancebowler",
    "pk": 48
  },
  {
    "fields": {
      "definition": 66,
      "handicap": null,
      "average": null,
      "team": 12,
      "type": "regular",
      "order": 3
    },
    "model": "bowling_entry.teaminstancebowler",
    "pk": 49
  },
  {
    "fields": {
      "definition": 67,
      "handicap": null,
      "average": null,
      "team": 12,
      "type": "regular",
      "order": 4
    },
    "model": "bowling_entry.teaminstancebowler",
    "pk": 50
  },
  {
    "fields": {
      "week": 56,
      "lanes": "3,4",
      "team1": 5,
      "team2": 6
    },
    "model": "bowling_entry.match",
    "pk": 3
  },
  {
    "fields": {
      "week": 56,
      "lanes": "5,6",
      "team1": 7,
      "team2": 8
    },
    "model": "bowling_entry.match",
    "pk": 4
  },
  {
    "fields": {
      "week": 56,
      "lanes": "7,8",
      "team1": 9,
      "team2": 10
    },
    "model": "bowling_entry.match",
    "pk": 5
  },
  {
    "fields": {
      "week": 56,
      "lanes": "9,10",
      "team1": 11,
      "team2": 12
    },
    "model": "bowling_entry.match",
    "pk": 6
  },
  {
    "fields": {
      "total": 116,
      "game_number": 1,
      "bowler": 11
    },
    "model": "bowling_entry.game",
    "pk": 76
  },
  {
    "fields": {
      "total": 137,
      "game_number": 2,
      "bowler": 11
    },
    "model": "bowling_entry.game",
    "pk": 77
  },
  {
    "fields": {
      "total": 121,
      "game_number": 3,
      "bowler": 11
    },
    "model": "bowling_entry.game",
    "pk": 78
  },
  {
    "fields": {
      "total": 94,
      "game_number": 1,
      "bowler": 12
    },
    "model": "bowling_entry.game",
    "pk": 79
  },
  {
    "fields": {
      "total": 90,
      "game_number": 2,
      "bowler": 12
    },
    "model": "bowling_entry.game",
    "pk": 80
  },
  {
    "fields": {
      "total": 119,
      "game_number": 3,
      "bowler": 12
    },
    "model": "bowling_entry.game",
    "pk": 81
  },
  {
    "fields": {
      "total": 108,
      "game_number": 1,
      "bowler": 13
    },
    "model": "bowling_entry.game",
    "pk": 82
  },
  {
    "fields": {
      "total": 87,
      "game_number": 2,
      "bowler": 13
    },
    "model": "bowling_entry.game",
    "pk": 83
  },
  {
    "fields": {
      "total": 142,
      "game_number": 3,
      "bowler": 13
    },
    "model": "bowling_entry.game",
    "pk": 84
  },
  {
    "fields": {
      "total": 77,
      "game_number": 1,
      "bowler": 14
    },
    "model": "bowling_entry.game",
    "pk": 85
  },
  {
    "fields": {
      "total": 78,
      "game_number": 2,
      "bowler": 14
    },
    "model": "bowling_entry.game",
    "pk": 86
  },
  {
    "fields": {
      "total": 72,
      "game_number": 3,
      "bowler": 14
    },
    "model": "bowling_entry.game",
    "pk": 87
  },
  {
    "fields": {
      "total": 95,
      "game_number": 1,
      "bowler": 15
    },
    "model": "bowling_entry.game",
    "pk": 88
  },
  {
    "fields": {
      "total": 86,
      "game_number": 2,
      "bowler": 15
    },
    "model": "bowling_entry.game",
    "pk": 89
  },
  {
    "fields": {
      "total": 117,
      "game_number": 3,
      "bowler": 15
    },
    "model": "bowling_entry.game",
    "pk": 90
  },
  {
    "fields": {
      "total": 97,
      "game_number": 1,
      "bowler": 16
    },
    "model": "bowling_entry.game",
    "pk": 91
  },
  {
    "fields": {
      "total": 127,
      "game_number": 2,
      "bowler": 16
    },
    "model": "bowling_entry.game",
    "pk": 92
  },
  {
    "fields": {
      "total": 127,
      "game_number": 3,
      "bowler": 16
    },
    "model": "bowling_entry.game",
    "pk": 93
  },
  {
    "fields": {
      "total": 77,
      "game_number": 1,
      "bowler": 17
    },
    "model": "bowling_entry.game",
    "pk": 94
  },
  {
    "fields": {
      "total": 82,
      "game_number": 2,
      "bowler": 17
    },
    "model": "bowling_entry.game",
    "pk": 95
  },
  {
    "fields": {
      "total": 104,
      "game_number": 3,
      "bowler": 17
    },
    "model": "bowling_entry.game",
    "pk": 96
  },
  {
    "fields": {
      "total": 130,
      "game_number": 1,
      "bowler": 18
    },
    "model": "bowling_entry.game",
    "pk": 97
  },
  {
    "fields": {
      "total": 122,
      "game_number": 2,
      "bowler": 18
    },
    "model": "bowling_entry.game",
    "pk": 98
  },
  {
    "fields": {
      "total": 186,
      "game_number": 3,
      "bowler": 18
    },
    "model": "bowling_entry.game",
    "pk": 99
  },
  {
    "fields": {
      "total": 126,
      "game_number": 1,
      "bowler": 19
    },
    "model": "bowling_entry.game",
    "pk": 100
  },
  {
    "fields": {
      "total": 115,
      "game_number": 2,
      "bowler": 19
    },
    "model": "bowling_entry.game",
    "pk": 101
  },
  {
    "fields": {
      "total": 131,
      "game_number": 3,
      "bowler": 19
    },
    "model": "bowling_entry.game",
    "pk": 102
  },
  {
    "fields": {
      "total": 87,
      "game_number": 1,
      "bowler": 20
    },
    "model": "bowling_entry.game",
    "pk": 103
  },
  {
    "fields": {
      "total": 138,
      "game_number": 2,
      "bowler": 20
    },
    "model": "bowling_entry.game",
    "pk": 104
  },
  {
    "fields": {
      "total": 93,
      "game_number": 3,
      "bowler": 20
    },
    "model": "bowling_entry.game",
    "pk": 105
  },
  {
    "fields": {
      "total": 0,
      "game_number": 1,
      "bowler": 21
    },
    "model": "bowling_entry.game",
    "pk": 106
  },
  {
    "fields": {
      "total": 0,
      "game_number": 2,
      "bowler": 21
    },
    "model": "bowling_entry.game",
    "pk": 107
  },
  {
    "fields": {
      "total": 0,
      "game_number": 3,
      "bowler": 21
    },
    "model": "bowling_entry.game",
    "pk": 108
  },
  {
    "fields": {
      "total": 0,
      "game_number": 1,
      "bowler": 22
    },
    "model": "bowling_entry.game",
    "pk": 109
  },
  {
    "fields": {
      "total": 0,
      "game_number": 2,
      "bowler": 22
    },
    "model": "bowling_entry.game",
    "pk": 110
  },
  {
    "fields": {
      "total": 0,
      "game_number": 3,
      "bowler": 22
    },
    "model": "bowling_entry.game",
    "pk": 111
  },
  {
    "fields": {
      "total": 0,
      "game_number": 1,
      "bowler": 23
    },
    "model": "bowling_entry.game",
    "pk": 112
  },
  {
    "fields": {
      "total": 0,
      "game_number": 2,
      "bowler": 23
    },
    "model": "bowling_entry.game",
    "pk": 113
  },
  {
    "fields": {
      "total": 0,
      "game_number": 3,
      "bowler": 23
    },
    "model": "bowling_entry.game",
    "pk": 114
  },
  {
    "fields": {
      "total": 0,
      "game_number": 1,
      "bowler": 24
    },
    "model": "bowling_entry.game",
    "pk": 115
  },
  {
    "fields": {
      "total": 0,
      "game_number": 2,
      "bowler": 24
    },
    "model": "bowling_entry.game",
    "pk": 116
  },
  {
    "fields": {
      "total": 0,
      "game_number": 3,
      "bowler": 24
    },
    "model": "bowling_entry.game",
    "pk": 117
  },
  {
    "fields": {
      "total": 0,
      "game_number": 1,
      "bowler": 25
    },
    "model": "bowling_entry.game",
    "pk": 118
  },
  {
    "fields": {
      "total": 0,
      "game_number": 2,
      "bowler": 25
    },
    "model": "bowling_entry.game",
    "pk": 119
  },
  {
    "fields": {
      "total": 0,
      "game_number": 3,
      "bowler": 25
    },
    "model": "bowling_entry.game",
    "pk": 120
  },
  {
    "fields": {
      "total": 0,
      "game_number": 1,
      "bowler": 26
    },
    "model": "bowling_entry.game",
    "pk": 121
  },
  {
    "fields": {
      "total": 0,
      "game_number": 2,
      "bowler": 26
    },
    "model": "bowling_entry.game",
    "pk": 122
  },
  {
    "fields": {
      "total": 0,
      "game_number": 3,
      "bowler": 26
    },
    "model": "bowling_entry.game",
    "pk": 123
  },
  {
    "fields": {
      "total": 0,
      "game_number": 1,
      "bowler": 27
    },
    "model": "bowling_entry.game",
    "pk": 124
  },
  {
    "fields": {
      "total": 0,
      "game_number": 2,
      "bowler": 27
    },
    "model": "bowling_entry.game",
    "pk": 125
  },
  {
    "fields": {
      "total": 0,
      "game_number": 3,
      "bowler": 27
    },
    "model": "bowling_entry.game",
    "pk": 126
  },
  {
    "fields": {
      "total": 0,
      "game_number": 1,
      "bowler": 28
    },
    "model": "bowling_entry.game",
    "pk": 127
  },
  {
    "fields": {
      "total": 0,
      "game_number": 2,
      "bowler": 28
    },
    "model": "bowling_entry.game",
    "pk": 128
  },
  {
    "fields": {
      "total": 0,
      "game_number": 3,
      "bowler": 28
    },
    "model": "bowling_entry.game",
    "pk": 129
  },
  {
    "fields": {
      "total": 0,
      "game_number": 1,
      "bowler": 29
    },
    "model": "bowling_entry.game",
    "pk": 130
  },
  {
    "fields": {
      "total": 0,
      "game_number": 2,
      "bowler": 29
    },
    "model": "bowling_entry.game",
    "pk": 131
  },
  {
    "fields": {
      "total": 0,
      "game_number": 3,
      "bowler": 29
    },
    "model": "bowling_entry.game",
    "pk": 132
  },
  {
    "fields": {
      "total": 0,
      "game_number": 1,
      "bowler": 30
    },
    "model": "bowling_entry.game",
    "pk": 133
  },
  {
    "fields": {
      "total": 0,
      "game_number": 2,
      "bowler": 30
    },
    "model": "bowling_entry.game",
    "pk": 134
  },
  {
    "fields": {
      "total": 0,
      "game_number": 3,
      "bowler": 30
    },
    "model": "bowling_entry.game",
    "pk": 135
  },
  {
    "fields": {
      "total": 0,
      "game_number": 1,
      "bowler": 31
    },
    "model": "bowling_entry.game",
    "pk": 136
  },
  {
    "fields": {
      "total": 0,
      "game_number": 2,
      "bowler": 31
    },
    "model": "bowling_entry.game",
    "pk": 137
  },
  {
    "fields": {
      "total": 0,
      "game_number": 3,
      "bowler": 31
    },
    "model": "bowling_entry.game",
    "pk": 138
  },
  {
    "fields": {
      "total": 0,
      "game_number": 1,
      "bowler": 32
    },
    "model": "bowling_entry.game",
    "pk": 139
  },
  {
    "fields": {
      "total": 0,
      "game_number": 2,
      "bowler": 32
    },
    "model": "bowling_entry.game",
    "pk": 140
  },
  {
    "fields": {
      "total": 0,
      "game_number": 3,
      "bowler": 32
    },
    "model": "bowling_entry.game",
    "pk": 141
  },
  {
    "fields": {
      "total": 0,
      "game_number": 1,
      "bowler": 33
    },
    "model": "bowling_entry.game",
    "pk": 142
  },
  {
    "fields": {
      "total": 0,
      "game_number": 2,
      "bowler": 33
    },
    "model": "bowling_entry.game",
    "pk": 143
  },
  {
    "fields": {
      "total": 0,
      "game_number": 3,
      "bowler": 33
    },
    "model": "bowling_entry.game",
    "pk": 144
  },
  {
    "fields": {
      "total": 0,
      "game_number": 1,
      "bowler": 34
    },
    "model": "bowling_entry.game",
    "pk": 145
  },
  {
    "fields": {
      "total": 0,
      "game_number": 2,
      "bowler": 34
    },
    "model": "bowling_entry.game",
    "pk": 146
  },
  {
    "fields": {
      "total": 0,
      "game_number": 3,
      "bowler": 34
    },
    "model": "bowling_entry.game",
    "pk": 147
  },
  {
    "fields": {
      "total": 0,
      "game_number": 1,
      "bowler": 35
    },
    "model": "bowling_entry.game",
    "pk": 148
  },
  {
    "fields": {
      "total": 0,
      "game_number": 2,
      "bowler": 35
    },
    "model": "bowling_entry.game",
    "pk": 149
  },
  {
    "fields": {
      "total": 0,
      "game_number": 3,
      "bowler": 35
    },
    "model": "bowling_entry.game",
    "pk": 150
  },
  {
    "fields": {
      "total": 0,
      "game_number": 1,
      "bowler": 36
    },
    "model": "bowling_entry.game",
    "pk": 151
  },
  {
    "fields": {
      "total": 0,
      "game_number": 2,
      "bowler": 36
    },
    "model": "bowling_entry.game",
    "pk": 152
  },
  {
    "fields": {
      "total": 0,
      "game_number": 3,
      "bowler": 36
    },
    "model": "bowling_entry.game",
    "pk": 153
  },
  {
    "fields": {
      "total": 0,
      "game_number": 1,
      "bowler": 37
    },
    "model": "bowling_entry.game",
    "pk": 154
  },
  {
    "fields": {
      "total": 0,
      "game_number": 2,
      "bowler": 37
    },
    "model": "bowling_entry.game",
    "pk": 155
  },
  {
    "fields": {
      "total": 0,
      "game_number": 3,
      "bowler": 37
    },
    "model": "bowling_entry.game",
    "pk": 156
  },
  {
    "fields": {
      "total": 0,
      "game_number": 1,
      "bowler": 38
    },
    "model": "bowling_entry.game",
    "pk": 157
  },
  {
    "fields": {
      "total": 0,
      "game_number": 2,
      "bowler": 38
    },
    "model": "bowling_entry.game",
    "pk": 158
  },
  {
    "fields": {
      "total": 0,
      "game_number": 3,
      "bowler": 38
    },
    "model": "bowling_entry.game",
    "pk": 159
  },
  {
    "fields": {
      "total": 0,
      "game_number": 1,
      "bowler": 39
    },
    "model": "bowling_entry.game",
    "pk": 160
  },
  {
    "fields": {
      "total": 0,
      "game_number": 2,
      "bowler": 39
    },
    "model": "bowling_entry.game",
    "pk": 161
  },
  {
    "fields": {
      "total": 0,
      "game_number": 3,
      "bowler": 39
    },
    "model": "bowling_entry.game",
    "pk": 162
  },
  {
    "fields": {
      "total": 0,
      "game_number": 1,
      "bowler": 40
    },
    "model": "bowling_entry.game",
    "pk": 163
  },
  {
    "fields": {
      "total": 0,
      "game_number": 2,
      "bowler": 40
    },
    "model": "bowling_entry.game",
    "pk": 164
  },
  {
    "fields": {
      "total": 0,
      "game_number": 3,
      "bowler": 40
    },
    "model": "bowling_entry.game",
    "pk": 165
  },
  {
    "fields": {
      "total": 0,
      "game_number": 1,
      "bowler": 41
    },
    "model": "bowling_entry.game",
    "pk": 166
  },
  {
    "fields": {
      "total": 0,
      "game_number": 2,
      "bowler": 41
    },
    "model": "bowling_entry.game",
    "pk": 167
  },
  {
    "fields": {
      "total": 0,
      "game_number": 3,
      "bowler": 41
    },
    "model": "bowling_entry.game",
    "pk": 168
  },
  {
    "fields": {
      "total": 0,
      "game_number": 1,
      "bowler": 42
    },
    "model": "bowling_entry.game",
    "pk": 169
  },
  {
    "fields": {
      "total": 0,
      "game_number": 2,
      "bowler": 42
    },
    "model": "bowling_entry.game",
    "pk": 170
  },
  {
    "fields": {
      "total": 0,
      "game_number": 3,
      "bowler": 42
    },
    "model": "bowling_entry.game",
    "pk": 171
  },
  {
    "fields": {
      "total": 0,
      "game_number": 1,
      "bowler": 43
    },
    "model": "bowling_entry.game",
    "pk": 172
  },
  {
    "fields": {
      "total": 0,
      "game_number": 2,
      "bowler": 43
    },
    "model": "bowling_entry.game",
    "pk": 173
  },
  {
    "fields": {
      "total": 0,
      "game_number": 3,
      "bowler": 43
    },
    "model": "bowling_entry.game",
    "pk": 174
  },
  {
    "fields": {
      "total": 0,
      "game_number": 1,
      "bowler": 44
    },
    "model": "bowling_entry.game",
    "pk": 175
  },
  {
    "fields": {
      "total": 0,
      "game_number": 2,
      "bowler": 44
    },
    "model": "bowling_entry.game",
    "pk": 176
  },
  {
    "fields": {
      "total": 0,
      "game_number": 3,
      "bowler": 44
    },
    "model": "bowling_entry.game",
    "pk": 177
  },
  {
    "fields": {
      "total": 0,
      "game_number": 1,
      "bowler": 45
    },
    "model": "bowling_entry.game",
    "pk": 178
  },
  {
    "fields": {
      "total": 0,
      "game_number": 2,
      "bowler": 45
    },
    "model": "bowling_entry.game",
    "pk": 179
  },
  {
    "fields": {
      "total": 0,
      "game_number": 3,
      "bowler": 45
    },
    "model": "bowling_entry.game",
    "pk": 180
  },
  {
    "fields": {
      "total": 0,
      "game_number": 1,
      "bowler": 46
    },
    "model": "bowling_entry.game",
    "pk": 181
  },
  {
    "fields": {
      "total": 0,
      "game_number": 2,
      "bowler": 46
    },
    "model": "bowling_entry.game",
    "pk": 182
  },
  {
    "fields": {
      "total": 0,
      "game_number": 3,
      "bowler": 46
    },
    "model": "bowling_entry.game",
    "pk": 183
  },
  {
    "fields": {
      "total": 0,
      "game_number": 1,
      "bowler": 47
    },
    "model": "bowling_entry.game",
    "pk": 184
  },
  {
    "fields": {
      "total": 0,
      "game_number": 2,
      "bowler": 47
    },
    "model": "bowling_entry.game",
    "pk": 185
  },
  {
    "fields": {
      "total": 0,
      "game_number": 3,
      "bowler": 47
    },
    "model": "bowling_entry.game",
    "pk": 186
  },
  {
    "fields": {
      "total": 0,
      "game_number": 1,
      "bowler": 48
    },
    "model": "bowling_entry.game",
    "pk": 187
  },
  {
    "fields": {
      "total": 0,
      "game_number": 2,
      "bowler": 48
    },
    "model": "bowling_entry.game",
    "pk": 188
  },
  {
    "fields": {
      "total": 0,
      "game_number": 3,
      "bowler": 48
    },
    "model": "bowling_entry.game",
    "pk": 189
  },
  {
    "fields": {
      "total": 0,
      "game_number": 1,
      "bowler": 49
    },
    "model": "bowling_entry.game",
    "pk": 190
  },
  {
    "fields": {
      "total": 0,
      "game_number": 2,
      "bowler": 49
    },
    "model": "bowling_entry.game",
    "pk": 191
  },
  {
    "fields": {
      "total": 0,
      "game_number": 3,
      "bowler": 49
    },
    "model": "bowling_entry.game",
    "pk": 192
  },
  {
    "fields": {
      "total": 0,
      "game_number": 1,
      "bowler": 50
    },
    "model": "bowling_entry.game",
    "pk": 193
  },
  {
    "fields": {
      "total": 0,
      "game_number": 2,
      "bowler": 50
    },
    "model": "bowling_entry.game",
    "pk": 194
  },
  {
    "fields": {
      "total": 0,
      "game_number": 3,
      "bowler": 50
    },
    "model": "bowling_entry.game",
    "pk": 195
  },
  {
    "fields": {
      "codename": "add_logentry",
      "name": "Can add log entry",
      "content_type": 1
    },
    "model": "auth.permission",
    "pk": 1
  },
  {
    "fields": {
      "codename": "change_logentry",
      "name": "Can change log entry",
      "content_type": 1
    },
    "model": "auth.permission",
    "pk": 2
  },
  {
    "fields": {
      "codename": "delete_logentry",
      "name": "Can delete log entry",
      "content_type": 1
    },
    "model": "auth.permission",
    "pk": 3
  },
  {
    "fields": {
      "codename": "add_permission",
      "name": "Can add permission",
      "content_type": 2
    },
    "model": "auth.permission",
    "pk": 4
  },
  {
    "fields": {
      "codename": "change_permission",
      "name": "Can change permission",
      "content_type": 2
    },
    "model": "auth.permission",
    "pk": 5
  },
  {
    "fields": {
      "codename": "delete_permission",
      "name": "Can delete permission",
      "content_type": 2
    },
    "model": "auth.permission",
    "pk": 6
  },
  {
    "fields": {
      "codename": "add_group",
      "name": "Can add group",
      "content_type": 3
    },
    "model": "auth.permission",
    "pk": 7
  },
  {
    "fields": {
      "codename": "change_group",
      "name": "Can change group",
      "content_type": 3
    },
    "model": "auth.permission",
    "pk": 8
  },
  {
    "fields": {
      "codename": "delete_group",
      "name": "Can delete group",
      "content_type": 3
    },
    "model": "auth.permission",
    "pk": 9
  },
  {
    "fields": {
      "codename": "add_user",
      "name": "Can add user",
      "content_type": 4
    },
    "model": "auth.permission",
    "pk": 10
  },
  {
    "fields": {
      "codename": "change_user",
      "name": "Can change user",
      "content_type": 4
    },
    "model": "auth.permission",
    "pk": 11
  },
  {
    "fields": {
      "codename": "delete_user",
      "name": "Can delete user",
      "content_type": 4
    },
    "model": "auth.permission",
    "pk": 12
  },
  {
    "fields": {
      "codename": "add_contenttype",
      "name": "Can add content type",
      "content_type": 5
    },
    "model": "auth.permission",
    "pk": 13
  },
  {
    "fields": {
      "codename": "change_contenttype",
      "name": "Can change content type",
      "content_type": 5
    },
    "model": "auth.permission",
    "pk": 14
  },
  {
    "fields": {
      "codename": "delete_contenttype",
      "name": "Can delete content type",
      "content_type": 5
    },
    "model": "auth.permission",
    "pk": 15
  },
  {
    "fields": {
      "codename": "add_session",
      "name": "Can add session",
      "content_type": 6
    },
    "model": "auth.permission",
    "pk": 16
  },
  {
    "fields": {
      "codename": "change_session",
      "name": "Can change session",
      "content_type": 6
    },
    "model": "auth.permission",
    "pk": 17
  },
  {
    "fields": {
      "codename": "delete_session",
      "name": "Can delete session",
      "content_type": 6
    },
    "model": "auth.permission",
    "pk": 18
  },
  {
    "fields": {
      "codename": "add_league",
      "name": "Can add league",
      "content_type": 7
    },
    "model": "auth.permission",
    "pk": 19
  },
  {
    "fields": {
      "codename": "change_league",
      "name": "Can change league",
      "content_type": 7
    },
    "model": "auth.permission",
    "pk": 20
  },
  {
    "fields": {
      "codename": "delete_league",
      "name": "Can delete league",
      "content_type": 7
    },
    "model": "auth.permission",
    "pk": 21
  },
  {
    "fields": {
      "codename": "add_week",
      "name": "Can add week",
      "content_type": 8
    },
    "model": "auth.permission",
    "pk": 22
  },
  {
    "fields": {
      "codename": "change_week",
      "name": "Can change week",
      "content_type": 8
    },
    "model": "auth.permission",
    "pk": 23
  },
  {
    "fields": {
      "codename": "delete_week",
      "name": "Can delete week",
      "content_type": 8
    },
    "model": "auth.permission",
    "pk": 24
  },
  {
    "fields": {
      "codename": "add_teamdefinition",
      "name": "Can add team definition",
      "content_type": 9
    },
    "model": "auth.permission",
    "pk": 25
  },
  {
    "fields": {
      "codename": "change_teamdefinition",
      "name": "Can change team definition",
      "content_type": 9
    },
    "model": "auth.permission",
    "pk": 26
  },
  {
    "fields": {
      "codename": "delete_teamdefinition",
      "name": "Can delete team definition",
      "content_type": 9
    },
    "model": "auth.permission",
    "pk": 27
  },
  {
    "fields": {
      "codename": "add_bowlerdefinition",
      "name": "Can add bowler definition",
      "content_type": 10
    },
    "model": "auth.permission",
    "pk": 28
  },
  {
    "fields": {
      "codename": "change_bowlerdefinition",
      "name": "Can change bowler definition",
      "content_type": 10
    },
    "model": "auth.permission",
    "pk": 29
  },
  {
    "fields": {
      "codename": "delete_bowlerdefinition",
      "name": "Can delete bowler definition",
      "content_type": 10
    },
    "model": "auth.permission",
    "pk": 30
  },
  {
    "fields": {
      "codename": "add_teaminstance",
      "name": "Can add team instance",
      "content_type": 11
    },
    "model": "auth.permission",
    "pk": 31
  },
  {
    "fields": {
      "codename": "change_teaminstance",
      "name": "Can change team instance",
      "content_type": 11
    },
    "model": "auth.permission",
    "pk": 32
  },
  {
    "fields": {
      "codename": "delete_teaminstance",
      "name": "Can delete team instance",
      "content_type": 11
    },
    "model": "auth.permission",
    "pk": 33
  },
  {
    "fields": {
      "codename": "add_teaminstancebowler",
      "name": "Can add team instance bowler",
      "content_type": 12
    },
    "model": "auth.permission",
    "pk": 34
  },
  {
    "fields": {
      "codename": "change_teaminstancebowler",
      "name": "Can change team instance bowler",
      "content_type": 12
    },
    "model": "auth.permission",
    "pk": 35
  },
  {
    "fields": {
      "codename": "delete_teaminstancebowler",
      "name": "Can delete team instance bowler",
      "content_type": 12
    },
    "model": "auth.permission",
    "pk": 36
  },
  {
    "fields": {
      "codename": "add_match",
      "name": "Can add match",
      "content_type": 13
    },
    "model": "auth.permission",
    "pk": 37
  },
  {
    "fields": {
      "codename": "change_match",
      "name": "Can change match",
      "content_type": 13
    },
    "model": "auth.permission",
    "pk": 38
  },
  {
    "fields": {
      "codename": "delete_match",
      "name": "Can delete match",
      "content_type": 13
    },
    "model": "auth.permission",
    "pk": 39
  },
  {
    "fields": {
      "codename": "add_game",
      "name": "Can add game",
      "content_type": 14
    },
    "model": "auth.permission",
    "pk": 40
  },
  {
    "fields": {
      "codename": "change_game",
      "name": "Can change game",
      "content_type": 14
    },
    "model": "auth.permission",
    "pk": 41
  },
  {
    "fields": {
      "codename": "delete_game",
      "name": "Can delete game",
      "content_type": 14
    },
    "model": "auth.permission",
    "pk": 42
  },
  {
    "fields": {
      "codename": "add_frame",
      "name": "Can add frame",
      "content_type": 15
    },
    "model": "auth.permission",
    "pk": 43
  },
  {
    "fields": {
      "codename": "change_frame",
      "name": "Can change frame",
      "content_type": 15
    },
    "model": "auth.permission",
    "pk": 44
  },
  {
    "fields": {
      "codename": "delete_frame",
      "name": "Can delete frame",
      "content_type": 15
    },
    "model": "auth.permission",
    "pk": 45
  },
  {
    "fields": {
      "codename": "add_corsmodel",
      "name": "Can add cors model",
      "content_type": 16
    },
    "model": "auth.permission",
    "pk": 46
  },
  {
    "fields": {
      "codename": "change_corsmodel",
      "name": "Can change cors model",
      "content_type": 16
    },
    "model": "auth.permission",
    "pk": 47
  },
  {
    "fields": {
      "codename": "delete_corsmodel",
      "name": "Can delete cors model",
      "content_type": 16
    },
    "model": "auth.permission",
    "pk": 48
  },
  {
    "fields": {
      "username": "username",
      "first_name": "",
      "last_name": "",
      "is_active": true,
      "is_superuser": true,
      "is_staff": true,
      "last_login": "2015-03-20T16:43:30.417Z",
      "groups": [],
      "user_permissions": [],
      "password": "pbkdf2_sha256$15000$BrTLXTWqwuh4$Tgtnw7+MVJEMEK1ZcBYHUVKBRiEK2oszLBNpGj8XP7M=",
      "email": "username@example.com",
      "date_joined": "2015-02-26T03:14:34.797Z"
    },
    "model": "auth.user",
    "pk": 1
  },
  {
    "fields": {
      "name": "Polar Bowler Ball League",
      "players_per_team": 5,
      "handicap_max": 200,
      "points_for_totals": 2,
      "handicap_percentage": 100,
      "number_of_games": 3,
      "number_of_weeks": 18,
      "points_per_game": 2,
      "start_date": "2014-11-04",
      "secretary": 1
    },
    "model": "bowling_entry.league",
    "pk": 3
  },
  {
    "fields": {
      "name": "League Name",
      "players_per_team": 4,
      "handicap_max": 210,
      "points_for_totals": 2,
      "handicap_percentage": 90,
      "number_of_games": 3,
      "number_of_weeks": 10,
      "points_per_game": 2,
      "start_date": "2015-03-19",
      "secretary": 1
    },
    "model": "bowling_entry.league",
    "pk": 10
  }
]